{"cameraMode":{"drawMode":0,"name":"Shaded","section":"Shading Mode"},"sceneLighting":false,"audioPlay":false,"sceneViewState":{"m_AlwaysRefresh":true,"showFog":true,"showSkybox":false,"showFlares":true,"showImageEffects":true,"showParticleSystems":true,"showVisualEffectGraphs":true,"m_FxEnabled":true},"in2DMode":false,"pivot":{"x":-14.052032470703125,"y":0.9838013648986816,"z":-62.44147491455078},"rotation":{"x":0.026172365993261339,"y":0.9545494914054871,"z":-0.2834070324897766,"w":0.08819781243801117},"size":1.9632807970046998,"orthographic":false}