{"cameraMode":{"drawMode":0,"name":"Shaded","section":"Shading Mode"},"sceneLighting":false,"audioPlay":false,"sceneViewState":{"m_AlwaysRefresh":true,"showFog":true,"showSkybox":false,"showFlares":true,"showImageEffects":true,"showParticleSystems":true,"showVisualEffectGraphs":true,"m_FxEnabled":true},"in2DMode":false,"pivot":{"x":13.039329528808594,"y":2.500000238418579,"z":-40.133548736572269},"rotation":{"x":0.026172365993261339,"y":0.9545494914054871,"z":-0.2834070324897766,"w":0.08819781243801117},"size":4.3301310539245609,"orthographic":false}