{"cameraMode":{"drawMode":0,"name":"Shaded","section":"Shading Mode"},"sceneLighting":false,"audioPlay":false,"sceneViewState":{"m_AlwaysRefresh":true,"showFog":true,"showSkybox":false,"showFlares":true,"showImageEffects":true,"showParticleSystems":true,"showVisualEffectGraphs":true,"m_FxEnabled":true},"in2DMode":false,"pivot":{"x":-0.5899999737739563,"y":0.11318494379520416,"z":-73.58000183105469},"rotation":{"x":0.026172365993261339,"y":0.9545494914054871,"z":-0.2834070324897766,"w":0.08819781243801117},"size":1.188806176185608,"orthographic":false}