{"cameraMode":{"drawMode":0,"name":"Shaded","section":"Shading Mode"},"sceneLighting":false,"audioPlay":false,"sceneViewState":{"m_AlwaysRefresh":true,"showFog":true,"showSkybox":false,"showFlares":true,"showImageEffects":true,"showParticleSystems":true,"showVisualEffectGraphs":true,"m_FxEnabled":true},"in2DMode":false,"pivot":{"x":-11.600000381469727,"y":0.4999989867210388,"z":-72.13999938964844},"rotation":{"x":0.1653597205877304,"y":0.06649430841207504,"z":-0.011177374050021172,"w":0.9838992953300476},"size":0.8660242557525635,"orthographic":false}